wikipedia	Aberavon (UK Parliament constituency)	aberavon
wikipedia	Aberconwy (UK Parliament constituency)	aberconwy
wikipedia	Aberdeen North (UK Parliament constituency)	aberdeen north
wikipedia	Aberdeen South (UK Parliament constituency)	aberdeen south
wikipedia	Airdrie and Shotts (UK Parliament constituency)	airdrie and shotts
wikipedia	Aldershot (UK Parliament constituency)	aldershot
wikipedia	Aldridge-Brownhills (UK Parliament constituency)	aldridge-brownhills
wikipedia	Altrincham and Sale West (UK Parliament constituency)	altrincham and sale west
wikipedia	Alyn and Deeside (UK Parliament constituency)	alyn and deeside
wikipedia	Amber Valley (UK Parliament constituency)	amber valley
wikipedia	Angus (UK Parliament constituency)	angus
wikipedia	Arfon (UK Parliament constituency)	arfon
wikipedia	Argyll and Bute (UK Parliament constituency)	argyll and bute
wikipedia	Arundel and South Downs (UK Parliament constituency)	arundel and south downs
wikipedia	Ashfield (UK Parliament constituency)	ashfield
wikipedia	Ashford (UK Parliament constituency)	ashford
wikipedia	Ashton-under-Lyne (UK Parliament constituency)	ashton-under-lyne
wikipedia	Aylesbury (UK Parliament constituency)	aylesbury
wikipedia	Ayr, Carrick and Cumnock (UK Parliament constituency)	ayr, carrick and cumnock
wikipedia	Banbury (UK Parliament constituency)	banbury
wikipedia	Banff and Buchan (UK Parliament constituency)	banff and buchan
wikipedia	Barking (UK Parliament constituency)	barking
wikipedia	Barnsley Central (UK Parliament constituency)	barnsley central
wikipedia	Barnsley East (UK Parliament constituency)	barnsley east
wikipedia	Barrow and Furness (UK Parliament constituency)	barrow and furness
wikipedia	Basildon and Billericay (UK Parliament constituency)	basildon and billericay
wikipedia	Basingstoke (UK Parliament constituency)	basingstoke
wikipedia	Bassetlaw (UK Parliament constituency)	bassetlaw
wikipedia	Bath (UK Parliament constituency)	bath
wikipedia	Batley and Spen (UK Parliament constituency)	batley and spen
wikipedia	Battersea (UK Parliament constituency)	battersea
wikipedia	Beaconsfield (UK Parliament constituency)	beaconsfield
wikipedia	Beckenham (UK Parliament constituency)	beckenham
wikipedia	Bedford (UK Parliament constituency)	bedford
wikipedia	Belfast East (UK Parliament constituency)	belfast east
wikipedia	Belfast North (UK Parliament constituency)	belfast north
wikipedia	Belfast South (UK Parliament constituency)	belfast south
wikipedia	Belfast West (UK Parliament constituency)	belfast west
wikipedia	Bermondsey and Old Southwark (UK Parliament constituency)	bermondsey and old southwark
wikipedia	Berwick-upon-Tweed (UK Parliament constituency)	berwick-upon-tweed
wikipedia	Berwickshire, Roxburgh and Selkirk (UK Parliament constituency)	berwickshire, roxburgh and selkirk
wikipedia	Bethnal Green and Bow (UK Parliament constituency)	bethnal green and bow
wikipedia	Beverley and Holderness (UK Parliament constituency)	beverley and holderness
wikipedia	Bexhill and Battle (UK Parliament constituency)	bexhill and battle
wikipedia	Bexleyheath and Crayford (UK Parliament constituency)	bexleyheath and crayford
wikipedia	Birkenhead (UK Parliament constituency)	birkenhead
wikipedia	Birmingham Edgbaston (UK Parliament constituency)	birmingham, edgbaston
wikipedia	Birmingham Erdington (UK Parliament constituency)	birmingham, erdington
wikipedia	Birmingham Hall Green (UK Parliament constituency)	birmingham, hall green
wikipedia	Birmingham Hodge Hill (UK Parliament constituency)	birmingham, hodge hill
wikipedia	Birmingham Ladywood (UK Parliament constituency)	birmingham, ladywood
wikipedia	Birmingham Northfield (UK Parliament constituency)	birmingham, northfield
wikipedia	Birmingham Perry Barr (UK Parliament constituency)	birmingham, perry barr
wikipedia	Birmingham Selly Oak (UK Parliament constituency)	birmingham, selly oak
wikipedia	Birmingham Yardley (UK Parliament constituency)	birmingham, yardley
wikipedia	Bishop Auckland (UK Parliament constituency)	bishop auckland
wikipedia	Blackburn (UK Parliament constituency)	blackburn
wikipedia	Blackley and Broughton (UK Parliament constituency)	blackley and broughton
wikipedia	Blackpool North and Cleveleys (UK Parliament constituency)	blackpool north and cleveleys
wikipedia	Blackpool South (UK Parliament constituency)	blackpool south
wikipedia	Blaenau Gwent (UK Parliament constituency)	blaenau gwent
wikipedia	Blaydon (UK Parliament constituency)	blaydon
wikipedia	Blyth Valley (UK Parliament constituency)	blyth valley
wikipedia	Bognor Regis and Littlehampton (UK Parliament constituency)	bognor regis and littlehampton
wikipedia	Bolsover (UK Parliament constituency)	bolsover
wikipedia	Bolton North East (UK Parliament constituency)	bolton north east
wikipedia	Bolton South East (UK Parliament constituency)	bolton south east
wikipedia	Bolton West (UK Parliament constituency)	bolton west
wikipedia	Bootle (UK Parliament constituency)	bootle
wikipedia	Boston and Skegness (UK Parliament constituency)	boston and skegness
wikipedia	Bosworth (UK Parliament constituency)	bosworth
wikipedia	Bournemouth East (UK Parliament constituency)	bournemouth east
wikipedia	Bournemouth West (UK Parliament constituency)	bournemouth west
wikipedia	Bracknell (UK Parliament constituency)	bracknell
wikipedia	Bradford East (UK Parliament constituency)	bradford east
wikipedia	Bradford South (UK Parliament constituency)	bradford south
wikipedia	Bradford West (UK Parliament constituency)	bradford west
wikipedia	Braintree (UK Parliament constituency)	braintree
wikipedia	Brecon and Radnorshire (UK Parliament constituency)	brecon and radnorshire
wikipedia	Brent Central (UK Parliament constituency)	brent central
wikipedia	Brent North (UK Parliament constituency)	brent north
wikipedia	Brentford and Isleworth (UK Parliament constituency)	brentford and isleworth
wikipedia	Brentwood and Ongar (UK Parliament constituency)	brentwood and ongar
wikipedia	Bridgend (UK Parliament constituency)	bridgend
wikipedia	Bridgwater and West Somerset (UK Parliament constituency)	bridgwater and west somerset
wikipedia	Brigg and Goole (UK Parliament constituency)	brigg and goole
wikipedia	Brighton Kemptown (UK Parliament constituency)	brighton, kemptown
wikipedia	Brighton Pavilion (UK Parliament constituency)	brighton, pavilion
wikipedia	Bristol East (UK Parliament constituency)	bristol east
wikipedia	Bristol North West (UK Parliament constituency)	bristol north west
wikipedia	Bristol South (UK Parliament constituency)	bristol south
wikipedia	Bristol West (UK Parliament constituency)	bristol west
wikipedia	Broadland (UK Parliament constituency)	broadland
wikipedia	Bromley and Chislehurst (UK Parliament constituency)	bromley and chislehurst
wikipedia	Bromsgrove (UK Parliament constituency)	bromsgrove
wikipedia	Broxbourne (UK Parliament constituency)	broxbourne
wikipedia	Broxtowe (UK Parliament constituency)	broxtowe
wikipedia	Buckingham (UK Parliament constituency)	buckingham
wikipedia	Burnley (UK Parliament constituency)	burnley
wikipedia	Burton (UK Parliament constituency)	burton
wikipedia	Bury North (UK Parliament constituency)	bury north
wikipedia	Bury South (UK Parliament constituency)	bury south
wikipedia	Bury St Edmunds (UK Parliament constituency)	bury st edmunds
wikipedia	Caerphilly (UK Parliament constituency)	caerphilly
wikipedia	Caithness, Sutherland and Easter Ross (UK Parliament constituency)	caithness, sutherland and easter ross
wikipedia	Calder Valley (UK Parliament constituency)	calder valley
wikipedia	Camberwell and Peckham (UK Parliament constituency)	camberwell and peckham
wikipedia	Camborne and Redruth (UK Parliament constituency)	camborne and redruth
wikipedia	Cambridge (UK Parliament constituency)	cambridge
wikipedia	Cannock Chase (UK Parliament constituency)	cannock chase
wikipedia	Canterbury (UK Parliament constituency)	canterbury
wikipedia	Cardiff Central (UK Parliament constituency)	cardiff central
wikipedia	Cardiff North (UK Parliament constituency)	cardiff north
wikipedia	Cardiff South and Penarth (UK Parliament constituency)	cardiff south and penarth
wikipedia	Cardiff West (UK Parliament constituency)	cardiff west
wikipedia	Carlisle (UK Parliament constituency)	carlisle
wikipedia	Carmarthen East and Dinefwr (UK Parliament constituency)	carmarthen east and dinefwr
wikipedia	Carmarthen West and South Pembrokeshire (UK Parliament constituency)	carmarthen west and south pembrokeshire
wikipedia	Carshalton and Wallington (UK Parliament constituency)	carshalton and wallington
wikipedia	Castle Point (UK Parliament constituency)	castle point
wikipedia	Central Ayrshire (UK Parliament constituency)	central ayrshire
wikipedia	Central Devon (UK Parliament constituency)	central devon
wikipedia	Central Suffolk and North Ipswich (UK Parliament constituency)	central suffolk and north ipswich
wikipedia	Ceredigion (UK Parliament constituency)	ceredigion
wikipedia	Charnwood (UK Parliament constituency)	charnwood
wikipedia	Chatham and Aylesford (UK Parliament constituency)	chatham and aylesford
wikipedia	Cheadle (UK Parliament constituency)	cheadle
wikipedia	Chelmsford (UK Parliament constituency)	chelmsford
wikipedia	Chelsea and Fulham (UK Parliament constituency)	chelsea and fulham
wikipedia	Cheltenham (UK Parliament constituency)	cheltenham
wikipedia	Chesham and Amersham (UK Parliament constituency)	chesham and amersham
wikipedia	Chesterfield (UK Parliament constituency)	chesterfield
wikipedia	Chichester (UK Parliament constituency)	chichester
wikipedia	Chingford and Woodford Green (UK Parliament constituency)	chingford and woodford green
wikipedia	Chippenham (UK Parliament constituency)	chippenham
wikipedia	Chipping Barnet (UK Parliament constituency)	chipping barnet
wikipedia	Chorley (UK Parliament constituency)	chorley
wikipedia	Christchurch (UK Parliament constituency)	christchurch
wikipedia	Cities of London and Westminster (UK Parliament constituency)	cities of london and westminster
wikipedia	City of Chester (UK Parliament constituency)	city of chester
wikipedia	City of Durham (UK Parliament constituency)	city of durham
wikipedia	Clacton (UK Parliament constituency)	clacton
wikipedia	Cleethorpes (UK Parliament constituency)	cleethorpes
wikipedia	Clwyd South (UK Parliament constituency)	clwyd south
wikipedia	Clwyd West (UK Parliament constituency)	clwyd west
wikipedia	Coatbridge, Chryston and Bellshill (UK Parliament constituency)	coatbridge, chryston and bellshill
wikipedia	Colchester (UK Parliament constituency)	colchester
wikipedia	Colne Valley (UK Parliament constituency)	colne valley
wikipedia	Congleton (UK Parliament constituency)	congleton
wikipedia	Copeland (UK Parliament constituency)	copeland
wikipedia	Corby (UK Parliament constituency)	corby
wikipedia	Coventry North East (UK Parliament constituency)	coventry north east
wikipedia	Coventry North West (UK Parliament constituency)	coventry north west
wikipedia	Coventry South (UK Parliament constituency)	coventry south
wikipedia	Crawley (UK Parliament constituency)	crawley
wikipedia	Crewe and Nantwich (UK Parliament constituency)	crewe and nantwich
wikipedia	Croydon Central (UK Parliament constituency)	croydon central
wikipedia	Croydon North (UK Parliament constituency)	croydon north
wikipedia	Croydon South (UK Parliament constituency)	croydon south
wikipedia	Cumbernauld, Kilsyth and Kirkintilloch East (UK Parliament constituency)	cumbernauld, kilsyth and kirkintilloch east
wikipedia	Cynon Valley (UK Parliament constituency)	cynon valley
wikipedia	Dagenham and Rainham (UK Parliament constituency)	dagenham and rainham
wikipedia	Darlington (UK Parliament constituency)	darlington
wikipedia	Dartford (UK Parliament constituency)	dartford
wikipedia	Daventry (UK Parliament constituency)	daventry
wikipedia	Delyn (UK Parliament constituency)	delyn
wikipedia	Denton and Reddish (UK Parliament constituency)	denton and reddish
wikipedia	Derby North (UK Parliament constituency)	derby north
wikipedia	Derby South (UK Parliament constituency)	derby south
wikipedia	Derbyshire Dales (UK Parliament constituency)	derbyshire dales
wikipedia	Derbyshire North East (UK Parliament constituency)	north east derbyshire
wikipedia	Devizes (UK Parliament constituency)	devizes
wikipedia	Dewsbury (UK Parliament constituency)	dewsbury
wikipedia	Don Valley (UK Parliament constituency)	don valley
wikipedia	Doncaster Central (UK Parliament constituency)	doncaster central
wikipedia	Doncaster North (UK Parliament constituency)	doncaster north
wikipedia	Dover (UK Parliament constituency)	dover
wikipedia	Dudley North (UK Parliament constituency)	dudley north
wikipedia	Dudley South (UK Parliament constituency)	dudley south
wikipedia	Dulwich and West Norwood (UK Parliament constituency)	dulwich and west norwood
wikipedia	Dumfries and Galloway (UK Parliament constituency)	dumfries and galloway
wikipedia	Dumfriesshire, Clydesdale and Tweeddale (UK Parliament constituency)	dumfriesshire, clydesdale and tweeddale
wikipedia	Dundee East (UK Parliament constituency)	dundee east
wikipedia	Dundee West (UK Parliament constituency)	dundee west
wikipedia	Dunfermline and West Fife (UK Parliament constituency)	dunfermline and west fife
wikipedia	Dwyfor Meirionnydd (UK Parliament constituency)	dwyfor meirionnydd
wikipedia	Ealing Central and Acton (UK Parliament constituency)	ealing central and acton
wikipedia	Ealing North (UK Parliament constituency)	ealing north
wikipedia	Ealing Southall (UK Parliament constituency)	ealing, southall
wikipedia	Easington (UK Parliament constituency)	easington
wikipedia	East Antrim (UK Parliament constituency)	east antrim
wikipedia	East Devon (UK Parliament constituency)	east devon
wikipedia	East Dunbartonshire (UK Parliament constituency)	east dunbartonshire
wikipedia	East Ham (UK Parliament constituency)	east ham
wikipedia	East Hampshire (UK Parliament constituency)	east hampshire
wikipedia	East Kilbride, Strathaven and Lesmahagow (UK Parliament constituency)	east kilbride, strathaven and lesmahagow
wikipedia	East Londonderry (UK Parliament constituency)	east londonderry
wikipedia	East Lothian (UK Parliament constituency)	east lothian
wikipedia	East Renfrewshire (UK Parliament constituency)	east renfrewshire
wikipedia	East Surrey (UK Parliament constituency)	east surrey
wikipedia	East Worthing and Shoreham (UK Parliament constituency)	east worthing and shoreham
wikipedia	East Yorkshire (UK Parliament constituency)	east yorkshire
wikipedia	Eastbourne (UK Parliament constituency)	eastbourne
wikipedia	Eastleigh (UK Parliament constituency)	eastleigh
wikipedia	Eddisbury (UK Parliament constituency)	eddisbury
wikipedia	Edinburgh East (UK Parliament constituency)	edinburgh east
wikipedia	Edinburgh North and Leith (UK Parliament constituency)	edinburgh north and leith
wikipedia	Edinburgh South (UK Parliament constituency)	edinburgh south
wikipedia	Edinburgh South West (UK Parliament constituency)	edinburgh south west
wikipedia	Edinburgh West (UK Parliament constituency)	edinburgh west
wikipedia	Edmonton (UK Parliament constituency)	edmonton
wikipedia	Ellesmere Port and Neston (UK Parliament constituency)	ellesmere port and neston
wikipedia	Elmet and Rothwell (UK Parliament constituency)	elmet and rothwell
wikipedia	Eltham (UK Parliament constituency)	eltham
wikipedia	Enfield North (UK Parliament constituency)	enfield north
wikipedia	Enfield Southgate (UK Parliament constituency)	enfield, southgate
wikipedia	Epping Forest (UK Parliament constituency)	epping forest
wikipedia	Epsom and Ewell (UK Parliament constituency)	epsom and ewell
wikipedia	Erewash (UK Parliament constituency)	erewash
wikipedia	Erith and Thamesmead (UK Parliament constituency)	erith and thamesmead
wikipedia	Esher and Walton (UK Parliament constituency)	esher and walton
wikipedia	Exeter (UK Parliament constituency)	exeter
wikipedia	Falkirk (UK Parliament constituency)	falkirk
wikipedia	Fareham (UK Parliament constituency)	fareham
wikipedia	Faversham and Mid Kent (UK Parliament constituency)	faversham and mid kent
wikipedia	Feltham and Heston (UK Parliament constituency)	feltham and heston
wikipedia	Fermanagh and South Tyrone (UK Parliament constituency)	fermanagh and south tyrone
wikipedia	Filton and Bradley Stoke (UK Parliament constituency)	filton and bradley stoke
wikipedia	Finchley and Golders Green (UK Parliament constituency)	finchley and golders green
wikipedia	Folkestone and Hythe (UK Parliament constituency)	folkestone and hythe
wikipedia	Forest of Dean (UK Parliament constituency)	forest of dean
wikipedia	Foyle (UK Parliament constituency)	foyle
wikipedia	Fylde (UK Parliament constituency)	fylde
wikipedia	Gainsborough (UK Parliament constituency)	gainsborough
wikipedia	Garston and Halewood (UK Parliament constituency)	garston and halewood
wikipedia	Gateshead (UK Parliament constituency)	gateshead
wikipedia	Gedling (UK Parliament constituency)	gedling
wikipedia	Gillingham and Rainham (UK Parliament constituency)	gillingham and rainham
wikipedia	Glasgow Central (UK Parliament constituency)	glasgow central
wikipedia	Glasgow East (UK Parliament constituency)	glasgow east
wikipedia	Glasgow North (UK Parliament constituency)	glasgow north
wikipedia	Glasgow North East (UK Parliament constituency)	glasgow north east
wikipedia	Glasgow North West (UK Parliament constituency)	glasgow north west
wikipedia	Glasgow South (UK Parliament constituency)	glasgow south
wikipedia	Glasgow South West (UK Parliament constituency)	glasgow south west
wikipedia	Glenrothes (UK Parliament constituency)	glenrothes
wikipedia	Gloucester (UK Parliament constituency)	gloucester
wikipedia	Gordon (UK Parliament constituency)	gordon
wikipedia	Gosport (UK Parliament constituency)	gosport
wikipedia	Gower (UK Parliament constituency)	gower
wikipedia	Grantham and Stamford (UK Parliament constituency)	grantham and stamford
wikipedia	Gravesham (UK Parliament constituency)	gravesham
wikipedia	Great Grimsby (UK Parliament constituency)	great grimsby
wikipedia	Great Yarmouth (UK Parliament constituency)	great yarmouth
wikipedia	Greenwich and Woolwich (UK Parliament constituency)	greenwich and woolwich
wikipedia	Guildford (UK Parliament constituency)	guildford
wikipedia	Hackney North and Stoke Newington (UK Parliament constituency)	hackney north and stoke newington
wikipedia	Hackney South and Shoreditch (UK Parliament constituency)	hackney south and shoreditch
wikipedia	Halesowen and Rowley Regis (UK Parliament constituency)	halesowen and rowley regis
wikipedia	Halifax (UK Parliament constituency)	halifax
wikipedia	Haltemprice and Howden (UK Parliament constituency)	haltemprice and howden
wikipedia	Halton (UK Parliament constituency)	halton
wikipedia	Hammersmith (UK Parliament constituency)	hammersmith
wikipedia	Hampstead and Kilburn (UK Parliament constituency)	hampstead and kilburn
wikipedia	Harborough (UK Parliament constituency)	harborough
wikipedia	Harlow (UK Parliament constituency)	harlow
wikipedia	Harrogate and Knaresborough (UK Parliament constituency)	harrogate and knaresborough
wikipedia	Harrow East (UK Parliament constituency)	harrow east
wikipedia	Harrow West (UK Parliament constituency)	harrow west
wikipedia	Hartlepool (UK Parliament constituency)	hartlepool
wikipedia	Harwich and North Essex (UK Parliament constituency)	harwich and north essex
wikipedia	Hastings and Rye (UK Parliament constituency)	hastings and rye
wikipedia	Havant (UK Parliament constituency)	havant
wikipedia	Hayes and Harlington (UK Parliament constituency)	hayes and harlington
wikipedia	Hazel Grove (UK Parliament constituency)	hazel grove
wikipedia	Hemel Hempstead (UK Parliament constituency)	hemel hempstead
wikipedia	Hemsworth (UK Parliament constituency)	hemsworth
wikipedia	Hendon (UK Parliament constituency)	hendon
wikipedia	Henley (UK Parliament constituency)	henley
wikipedia	Hereford and South Herefordshire (UK Parliament constituency)	hereford and south herefordshire
wikipedia	Hertford and Stortford (UK Parliament constituency)	hertford and stortford
wikipedia	Hertsmere (UK Parliament constituency)	hertsmere
wikipedia	Hexham (UK Parliament constituency)	hexham
wikipedia	Heywood and Middleton (UK Parliament constituency)	heywood and middleton
wikipedia	High Peak (UK Parliament constituency)	high peak
wikipedia	Hitchin and Harpenden (UK Parliament constituency)	hitchin and harpenden
wikipedia	Holborn and St Pancras (UK Parliament constituency)	holborn and st pancras
wikipedia	Hornchurch and Upminster (UK Parliament constituency)	hornchurch and upminster
wikipedia	Hornsey and Wood Green (UK Parliament constituency)	hornsey and wood green
wikipedia	Horsham (UK Parliament constituency)	horsham
wikipedia	Houghton and Sunderland South (UK Parliament constituency)	houghton and sunderland south
wikipedia	Hove (UK Parliament constituency)	hove
wikipedia	Huddersfield (UK Parliament constituency)	huddersfield
wikipedia	Huntingdon (UK Parliament constituency)	huntingdon
wikipedia	Hyndburn (UK Parliament constituency)	hyndburn
wikipedia	Ilford North (UK Parliament constituency)	ilford north
wikipedia	Ilford South (UK Parliament constituency)	ilford south
wikipedia	Inverclyde (UK Parliament constituency)	inverclyde
wikipedia	Inverness, Nairn, Badenoch and Strathspey (UK Parliament constituency)	inverness, nairn, badenoch and strathspey
wikipedia	Ipswich (UK Parliament constituency)	ipswich
wikipedia	Isle of Wight (UK Parliament constituency)	isle of wight
wikipedia	Islington North (UK Parliament constituency)	islington north
wikipedia	Islington South and Finsbury (UK Parliament constituency)	islington south and finsbury
wikipedia	Islwyn (UK Parliament constituency)	islwyn
wikipedia	Jarrow (UK Parliament constituency)	jarrow
wikipedia	Keighley (UK Parliament constituency)	keighley
wikipedia	Kenilworth and Southam (UK Parliament constituency)	kenilworth and southam
wikipedia	Kensington (UK Parliament constituency)	kensington
wikipedia	Kettering (UK Parliament constituency)	kettering
wikipedia	Kilmarnock and Loudoun (UK Parliament constituency)	kilmarnock and loudoun
wikipedia	Kingston and Surbiton (UK Parliament constituency)	kingston and surbiton
wikipedia	Kingston upon Hull East (UK Parliament constituency)	kingston upon hull east
wikipedia	Kingston upon Hull North (UK Parliament constituency)	kingston upon hull north
wikipedia	Kingston upon Hull West and Hessle (UK Parliament constituency)	kingston upon hull west and hessle
wikipedia	Kingswood (UK Parliament constituency)	kingswood
wikipedia	Kirkcaldy and Cowdenbeath (UK Parliament constituency)	kirkcaldy and cowdenbeath
wikipedia	Knowsley (UK Parliament constituency)	knowsley
wikipedia	Lagan Valley (UK Parliament constituency)	lagan valley
wikipedia	Lanark and Hamilton East (UK Parliament constituency)	lanark and hamilton east
wikipedia	Lancaster and Fleetwood (UK Parliament constituency)	lancaster and fleetwood
wikipedia	Leeds Central (UK Parliament constituency)	leeds central
wikipedia	Leeds East (UK Parliament constituency)	leeds east
wikipedia	Leeds North East (UK Parliament constituency)	leeds north east
wikipedia	Leeds North West (UK Parliament constituency)	leeds north west
wikipedia	Leeds West (UK Parliament constituency)	leeds west
wikipedia	Leicester East (UK Parliament constituency)	leicester east
wikipedia	Leicester South (UK Parliament constituency)	leicester south
wikipedia	Leicester West (UK Parliament constituency)	leicester west
wikipedia	Leigh (UK Parliament constituency)	leigh
wikipedia	Lewes (UK Parliament constituency)	lewes
wikipedia	Lewisham Deptford (UK Parliament constituency)	lewisham, deptford
wikipedia	Lewisham East (UK Parliament constituency)	lewisham east
wikipedia	Lewisham West and Penge (UK Parliament constituency)	lewisham west and penge
wikipedia	Leyton and Wanstead (UK Parliament constituency)	leyton and wanstead
wikipedia	Lichfield (UK Parliament constituency)	lichfield
wikipedia	Lincoln (UK Parliament constituency)	lincoln
wikipedia	Linlithgow and East Falkirk (UK Parliament constituency)	linlithgow and east falkirk
wikipedia	Liverpool Riverside (UK Parliament constituency)	liverpool, riverside
wikipedia	Liverpool Walton (UK Parliament constituency)	liverpool, walton
wikipedia	Liverpool Wavertree (UK Parliament constituency)	liverpool, wavertree
wikipedia	Liverpool West Derby (UK Parliament constituency)	liverpool, west derby
wikipedia	Livingston (UK Parliament constituency)	livingston
wikipedia	Llanelli (UK Parliament constituency)	llanelli
wikipedia	Loughborough (UK Parliament constituency)	loughborough
wikipedia	Louth and Horncastle (UK Parliament constituency)	louth and horncastle
wikipedia	Ludlow (UK Parliament constituency)	ludlow
wikipedia	Luton North (UK Parliament constituency)	luton north
wikipedia	Luton South (UK Parliament constituency)	luton south
wikipedia	Macclesfield (UK Parliament constituency)	macclesfield
wikipedia	Maidenhead (UK Parliament constituency)	maidenhead
wikipedia	Maidstone and The Weald (UK Parliament constituency)	maidstone and the weald
wikipedia	Makerfield (UK Parliament constituency)	makerfield
wikipedia	Maldon (UK Parliament constituency)	maldon
wikipedia	Manchester Central (UK Parliament constituency)	manchester central
wikipedia	Manchester Gorton (UK Parliament constituency)	manchester, gorton
wikipedia	Manchester Withington (UK Parliament constituency)	manchester, withington
wikipedia	Mansfield (UK Parliament constituency)	mansfield
wikipedia	Meon Valley (UK Parliament constituency)	meon valley
wikipedia	Meriden (UK Parliament constituency)	meriden
wikipedia	Merthyr Tydfil and Rhymney (UK Parliament constituency)	merthyr tydfil and rhymney
wikipedia	Mid Bedfordshire (UK Parliament constituency)	mid bedfordshire
wikipedia	Mid Derbyshire (UK Parliament constituency)	mid derbyshire
wikipedia	Mid Dorset and North Poole (UK Parliament constituency)	mid dorset and north poole
wikipedia	Mid Norfolk (UK Parliament constituency)	mid norfolk
wikipedia	Mid Sussex (UK Parliament constituency)	mid sussex
wikipedia	Mid Worcestershire (UK Parliament constituency)	mid worcestershire
wikipedia	Middlesbrough (UK Parliament constituency)	middlesbrough
wikipedia	Middlesbrough South and East Cleveland (UK Parliament constituency)	middlesbrough south and east cleveland
wikipedia	Midlothian (UK Parliament constituency)	midlothian
wikipedia	Milton Keynes North (UK Parliament constituency)	milton keynes north
wikipedia	Milton Keynes South (UK Parliament constituency)	milton keynes south
wikipedia	Mitcham and Morden (UK Parliament constituency)	mitcham and morden
wikipedia	Mole Valley (UK Parliament constituency)	mole valley
wikipedia	Monmouth (UK Parliament constituency)	monmouth
wikipedia	Montgomeryshire (UK Parliament constituency)	montgomeryshire
wikipedia	Moray (UK Parliament constituency)	moray
wikipedia	Morecambe and Lunesdale (UK Parliament constituency)	morecambe and lunesdale
wikipedia	Morley and Outwood (UK Parliament constituency)	morley and outwood
wikipedia	Motherwell and Wishaw (UK Parliament constituency)	motherwell and wishaw
wikipedia	Na h-Eileanan an Iar (UK Parliament constituency)	na h-eileanan an iar
wikipedia	Neath (UK Parliament constituency)	neath
wikipedia	New Forest East (UK Parliament constituency)	new forest east
wikipedia	New Forest West (UK Parliament constituency)	new forest west
wikipedia	Newark (UK Parliament constituency)	newark
wikipedia	Newbury (UK Parliament constituency)	newbury
wikipedia	Newcastle upon Tyne Central (UK Parliament constituency)	newcastle upon tyne central
wikipedia	Newcastle upon Tyne East (UK Parliament constituency)	newcastle upon tyne east
wikipedia	Newcastle upon Tyne North (UK Parliament constituency)	newcastle upon tyne north
wikipedia	Newcastle-under-Lyme (UK Parliament constituency)	newcastle-under-lyme
wikipedia	Newport East (UK Parliament constituency)	newport east
wikipedia	Newport West (UK Parliament constituency)	newport west
wikipedia	Newry and Armagh (UK Parliament constituency)	newry and armagh
wikipedia	Newton Abbot (UK Parliament constituency)	newton abbot
wikipedia	Normanton, Pontefract and Castleford (UK Parliament constituency)	normanton, pontefract and castleford
wikipedia	North Antrim (UK Parliament constituency)	north antrim
wikipedia	North Ayrshire and Arran (UK Parliament constituency)	north ayrshire and arran
wikipedia	North Cornwall (UK Parliament constituency)	north cornwall
wikipedia	North Devon (UK Parliament constituency)	north devon
wikipedia	North Dorset (UK Parliament constituency)	north dorset
wikipedia	North Down (UK Parliament constituency)	north down
wikipedia	North Durham (UK Parliament constituency)	north durham
wikipedia	North East Bedfordshire (UK Parliament constituency)	north east bedfordshire
wikipedia	North East Cambridgeshire (UK Parliament constituency)	north east cambridgeshire
wikipedia	North East Fife (UK Parliament constituency)	north east fife
wikipedia	North East Hampshire (UK Parliament constituency)	north east hampshire
wikipedia	North East Hertfordshire (UK Parliament constituency)	north east hertfordshire
wikipedia	North East Somerset (UK Parliament constituency)	north east somerset
wikipedia	North Herefordshire (UK Parliament constituency)	north herefordshire
wikipedia	North Norfolk (UK Parliament constituency)	north norfolk
wikipedia	North Shropshire (UK Parliament constituency)	north shropshire
wikipedia	North Somerset (UK Parliament constituency)	north somerset
wikipedia	North Swindon (UK Parliament constituency)	north swindon
wikipedia	North Thanet (UK Parliament constituency)	north thanet
wikipedia	North Tyneside (UK Parliament constituency)	north tyneside
wikipedia	North Warwickshire (UK Parliament constituency)	north warwickshire
wikipedia	North West Cambridgeshire (UK Parliament constituency)	north west cambridgeshire
wikipedia	North West Durham (UK Parliament constituency)	north west durham
wikipedia	North West Hampshire (UK Parliament constituency)	north west hampshire
wikipedia	North West Leicestershire (UK Parliament constituency)	north west leicestershire
wikipedia	North West Norfolk (UK Parliament constituency)	north west norfolk
wikipedia	North Wiltshire (UK Parliament constituency)	north wiltshire
wikipedia	Northampton North (UK Parliament constituency)	northampton north
wikipedia	Northampton South (UK Parliament constituency)	northampton south
wikipedia	Norwich North (UK Parliament constituency)	norwich north
wikipedia	Norwich South (UK Parliament constituency)	norwich south
wikipedia	Nottingham East (UK Parliament constituency)	nottingham east
wikipedia	Nottingham North (UK Parliament constituency)	nottingham north
wikipedia	Nottingham South (UK Parliament constituency)	nottingham south
wikipedia	Nuneaton (UK Parliament constituency)	nuneaton
wikipedia	Ochil and South Perthshire (UK Parliament constituency)	ochil and south perthshire
wikipedia	Ogmore (UK Parliament constituency)	ogmore
wikipedia	Old Bexley and Sidcup (UK Parliament constituency)	old bexley and sidcup
wikipedia	Oldham East and Saddleworth (UK Parliament constituency)	oldham east and saddleworth
wikipedia	Oldham West and Royton (UK Parliament constituency)	oldham west and royton
wikipedia	Orkney and Shetland (UK Parliament constituency)	orkney and shetland
wikipedia	Orpington (UK Parliament constituency)	orpington
wikipedia	Oxford East (UK Parliament constituency)	oxford east
wikipedia	Oxford West and Abingdon (UK Parliament constituency)	oxford west and abingdon
wikipedia	Paisley and Renfrewshire North (UK Parliament constituency)	paisley and renfrewshire north
wikipedia	Paisley and Renfrewshire South (UK Parliament constituency)	paisley and renfrewshire south
wikipedia	Pendle (UK Parliament constituency)	pendle
wikipedia	Penistone and Stocksbridge (UK Parliament constituency)	penistone and stocksbridge
wikipedia	Penrith and The Border (UK Parliament constituency)	penrith and the border
wikipedia	Perth and North Perthshire (UK Parliament constituency)	perth and north perthshire
wikipedia	Peterborough (UK Parliament constituency)	peterborough
wikipedia	Plymouth Moor View (UK Parliament constituency)	plymouth, moor view
wikipedia	Plymouth Sutton and Devonport (UK Parliament constituency)	plymouth, sutton and devonport
wikipedia	Pontypridd (UK Parliament constituency)	pontypridd
wikipedia	Poole (UK Parliament constituency)	poole
wikipedia	Poplar and Limehouse (UK Parliament constituency)	poplar and limehouse
wikipedia	Portsmouth North (UK Parliament constituency)	portsmouth north
wikipedia	Portsmouth South (UK Parliament constituency)	portsmouth south
wikipedia	Preseli Pembrokeshire (UK Parliament constituency)	preseli pembrokeshire
wikipedia	Preston (UK Parliament constituency)	preston
wikipedia	Pudsey (UK Parliament constituency)	pudsey
wikipedia	Putney (UK Parliament constituency)	putney
wikipedia	Rayleigh and Wickford (UK Parliament constituency)	rayleigh and wickford
wikipedia	Reading East (UK Parliament constituency)	reading east
wikipedia	Reading West (UK Parliament constituency)	reading west
wikipedia	Redcar (UK Parliament constituency)	redcar
wikipedia	Redditch (UK Parliament constituency)	redditch
wikipedia	Reigate (UK Parliament constituency)	reigate
wikipedia	Rhondda (UK Parliament constituency)	rhondda
wikipedia	Ribble Valley (UK Parliament constituency)	ribble valley
wikipedia	Richmond (Yorks) (UK Parliament constituency)	richmond (yorks)
wikipedia	Richmond Park (UK Parliament constituency)	richmond park
wikipedia	Rochdale (UK Parliament constituency)	rochdale
wikipedia	Rochester and Strood (UK Parliament constituency)	rochester and strood
wikipedia	Rochford and Southend East (UK Parliament constituency)	rochford and southend east
wikipedia	Romford (UK Parliament constituency)	romford
wikipedia	Romsey and Southampton North (UK Parliament constituency)	romsey and southampton north
wikipedia	Ross, Skye and Lochaber (UK Parliament constituency)	ross, skye and lochaber
wikipedia	Rossendale and Darwen (UK Parliament constituency)	rossendale and darwen
wikipedia	Rother Valley (UK Parliament constituency)	rother valley
wikipedia	Rotherham (UK Parliament constituency)	rotherham
wikipedia	Rugby (UK Parliament constituency)	rugby
wikipedia	Ruislip, Northwood and Pinner (UK Parliament constituency)	ruislip, northwood and pinner
wikipedia	Runnymede and Weybridge (UK Parliament constituency)	runnymede and weybridge
wikipedia	Rushcliffe (UK Parliament constituency)	rushcliffe
wikipedia	Rutherglen and Hamilton West (UK Parliament constituency)	rutherglen and hamilton west
wikipedia	Rutland and Melton (UK Parliament constituency)	rutland and melton
wikipedia	Saffron Walden (UK Parliament constituency)	saffron walden
wikipedia	Salford and Eccles (UK Parliament constituency)	salford and eccles
wikipedia	Salisbury (UK Parliament constituency)	salisbury
wikipedia	Scarborough and Whitby (UK Parliament constituency)	scarborough and whitby
wikipedia	Scunthorpe (UK Parliament constituency)	scunthorpe
wikipedia	Sedgefield (UK Parliament constituency)	sedgefield
wikipedia	Sefton Central (UK Parliament constituency)	sefton central
wikipedia	Selby and Ainsty (UK Parliament constituency)	selby and ainsty
wikipedia	Sevenoaks (UK Parliament constituency)	sevenoaks
wikipedia	Sheffield Brightside and Hillsborough (UK Parliament constituency)	sheffield, brightside and hillsborough
wikipedia	Sheffield Central (UK Parliament constituency)	sheffield central
wikipedia	Sheffield Hallam (UK Parliament constituency)	sheffield, hallam
wikipedia	Sheffield Heeley (UK Parliament constituency)	sheffield, heeley
wikipedia	Sheffield South East (UK Parliament constituency)	sheffield south east
wikipedia	Sherwood (UK Parliament constituency)	sherwood
wikipedia	Shipley (UK Parliament constituency)	shipley
wikipedia	Shrewsbury and Atcham (UK Parliament constituency)	shrewsbury and atcham
wikipedia	Sittingbourne and Sheppey (UK Parliament constituency)	sittingbourne and sheppey
wikipedia	Skipton and Ripon (UK Parliament constituency)	skipton and ripon
wikipedia	Sleaford and North Hykeham (UK Parliament constituency)	sleaford and north hykeham
wikipedia	Slough (UK Parliament constituency)	slough
wikipedia	Solihull (UK Parliament constituency)	solihull
wikipedia	Somerton and Frome (UK Parliament constituency)	somerton and frome
wikipedia	South Antrim (UK Parliament constituency)	south antrim
wikipedia	South Basildon and East Thurrock (UK Parliament constituency)	south basildon and east thurrock
wikipedia	South Cambridgeshire (UK Parliament constituency)	south cambridgeshire
wikipedia	South Derbyshire (UK Parliament constituency)	south derbyshire
wikipedia	South Dorset (UK Parliament constituency)	south dorset
wikipedia	South Down (UK Parliament constituency)	south down
wikipedia	South East Cambridgeshire (UK Parliament constituency)	south east cambridgeshire
wikipedia	South East Cornwall (UK Parliament constituency)	south east cornwall
wikipedia	South Holland and The Deepings (UK Parliament constituency)	south holland and the deepings
wikipedia	South Leicestershire (UK Parliament constituency)	south leicestershire
wikipedia	South Norfolk (UK Parliament constituency)	south norfolk
wikipedia	South Northamptonshire (UK Parliament constituency)	south northamptonshire
wikipedia	South Ribble (UK Parliament constituency)	south ribble
wikipedia	South Shields (UK Parliament constituency)	south shields
wikipedia	South Staffordshire (UK Parliament constituency)	south staffordshire
wikipedia	South Suffolk (UK Parliament constituency)	south suffolk
wikipedia	South Swindon (UK Parliament constituency)	south swindon
wikipedia	South Thanet (UK Parliament constituency)	south thanet
wikipedia	South West Bedfordshire (UK Parliament constituency)	south west bedfordshire
wikipedia	South West Devon (UK Parliament constituency)	south west devon
wikipedia	South West Hertfordshire (UK Parliament constituency)	south west hertfordshire
wikipedia	South West Norfolk (UK Parliament constituency)	south west norfolk
wikipedia	South West Surrey (UK Parliament constituency)	south west surrey
wikipedia	South West Wiltshire (UK Parliament constituency)	south west wiltshire
wikipedia	Southampton Itchen (UK Parliament constituency)	southampton, itchen
wikipedia	Southampton Test (UK Parliament constituency)	southampton, test
wikipedia	Southend West (UK Parliament constituency)	southend west
wikipedia	Southport (UK Parliament constituency)	southport
wikipedia	Spelthorne (UK Parliament constituency)	spelthorne
wikipedia	St Albans (UK Parliament constituency)	st albans
wikipedia	St Austell and Newquay (UK Parliament constituency)	st austell and newquay
wikipedia	St Helens North (UK Parliament constituency)	st helens north
wikipedia	St Helens South and Whiston (UK Parliament constituency)	st helens south and whiston
wikipedia	St Ives (UK Parliament constituency)	st ives
wikipedia	Stafford (UK Parliament constituency)	stafford
wikipedia	Staffordshire Moorlands (UK Parliament constituency)	staffordshire moorlands
wikipedia	Stalybridge and Hyde (UK Parliament constituency)	stalybridge and hyde
wikipedia	Stevenage (UK Parliament constituency)	stevenage
wikipedia	Stirling (UK Parliament constituency)	stirling
wikipedia	Stockport (UK Parliament constituency)	stockport
wikipedia	Stockton North (UK Parliament constituency)	stockton north
wikipedia	Stockton South (UK Parliament constituency)	stockton south
wikipedia	Stoke-on-Trent Central (UK Parliament constituency)	stoke-on-trent central
wikipedia	Stoke-on-Trent North (UK Parliament constituency)	stoke-on-trent north
wikipedia	Stoke-on-Trent South (UK Parliament constituency)	stoke-on-trent south
wikipedia	Stone (UK Parliament constituency)	stone
wikipedia	Stourbridge (UK Parliament constituency)	stourbridge
wikipedia	Strangford (UK Parliament constituency)	strangford
wikipedia	Stratford-on-Avon (UK Parliament constituency)	stratford-on-avon
wikipedia	Streatham (UK Parliament constituency)	streatham
wikipedia	Stretford and Urmston (UK Parliament constituency)	stretford and urmston
wikipedia	Stroud (UK Parliament constituency)	stroud
wikipedia	Suffolk Coastal (UK Parliament constituency)	suffolk coastal
wikipedia	Sunderland Central (UK Parliament constituency)	sunderland central
wikipedia	Surrey Heath (UK Parliament constituency)	surrey heath
wikipedia	Sutton Coldfield (UK Parliament constituency)	sutton coldfield
wikipedia	Sutton and Cheam (UK Parliament constituency)	sutton and cheam
wikipedia	Swansea East (UK Parliament constituency)	swansea east
wikipedia	Swansea West (UK Parliament constituency)	swansea west
wikipedia	Tamworth (UK Parliament constituency)	tamworth
wikipedia	Tatton (UK Parliament constituency)	tatton
wikipedia	Taunton Deane (UK Parliament constituency)	taunton deane
wikipedia	Telford (UK Parliament constituency)	telford
wikipedia	Tewkesbury (UK Parliament constituency)	tewkesbury
wikipedia	The Cotswolds (UK Parliament constituency)	the cotswolds
wikipedia	The Wrekin (UK Parliament constituency)	the wrekin
wikipedia	Thirsk and Malton (UK Parliament constituency)	thirsk and malton
wikipedia	Thornbury and Yate (UK Parliament constituency)	thornbury and yate
wikipedia	Thurrock (UK Parliament constituency)	thurrock
wikipedia	Tiverton and Honiton (UK Parliament constituency)	tiverton and honiton
wikipedia	Tonbridge and Malling (UK Parliament constituency)	tonbridge and malling
wikipedia	Tooting (UK Parliament constituency)	tooting
wikipedia	Torbay (UK Parliament constituency)	torbay
wikipedia	Torfaen (UK Parliament constituency)	torfaen
wikipedia	Torridge and West Devon (UK Parliament constituency)	torridge and west devon
wikipedia	Totnes (UK Parliament constituency)	totnes
wikipedia	Tottenham (UK Parliament constituency)	tottenham
wikipedia	Truro and Falmouth (UK Parliament constituency)	truro and falmouth
wikipedia	Tunbridge Wells (UK Parliament constituency)	tunbridge wells
wikipedia	Twickenham (UK Parliament constituency)	twickenham
wikipedia	Tynemouth (UK Parliament constituency)	tynemouth
wikipedia	Ulster Mid (UK Parliament constituency)	mid ulster
wikipedia	Upper Bann (UK Parliament constituency)	upper bann
wikipedia	Uxbridge and South Ruislip (UK Parliament constituency)	uxbridge and south ruislip
wikipedia	Vale of Clwyd (UK Parliament constituency)	vale of clwyd
wikipedia	Vale of Glamorgan (UK Parliament constituency)	vale of glamorgan
wikipedia	Vauxhall (UK Parliament constituency)	vauxhall
wikipedia	Wakefield (UK Parliament constituency)	wakefield
wikipedia	Wallasey (UK Parliament constituency)	wallasey
wikipedia	Walsall North (UK Parliament constituency)	walsall north
wikipedia	Walsall South (UK Parliament constituency)	walsall south
wikipedia	Walthamstow (UK Parliament constituency)	walthamstow
wikipedia	Wansbeck (UK Parliament constituency)	wansbeck
wikipedia	Wantage (UK Parliament constituency)	wantage
wikipedia	Warley (UK Parliament constituency)	warley
wikipedia	Warrington North (UK Parliament constituency)	warrington north
wikipedia	Warrington South (UK Parliament constituency)	warrington south
wikipedia	Warwick and Leamington (UK Parliament constituency)	warwick and leamington
wikipedia	Washington and Sunderland West (UK Parliament constituency)	washington and sunderland west
wikipedia	Watford (UK Parliament constituency)	watford
wikipedia	Waveney (UK Parliament constituency)	waveney
wikipedia	Wealden (UK Parliament constituency)	wealden
wikipedia	Weaver Vale (UK Parliament constituency)	weaver vale
wikipedia	Wellingborough (UK Parliament constituency)	wellingborough
wikipedia	Wells (UK Parliament constituency)	wells
wikipedia	Welwyn Hatfield (UK Parliament constituency)	welwyn hatfield
wikipedia	Wentworth and Dearne (UK Parliament constituency)	wentworth and dearne
wikipedia	West Aberdeenshire and Kincardine (UK Parliament constituency)	west aberdeenshire and kincardine
wikipedia	West Bromwich East (UK Parliament constituency)	west bromwich east
wikipedia	West Bromwich West (UK Parliament constituency)	west bromwich west
wikipedia	West Dorset (UK Parliament constituency)	west dorset
wikipedia	West Dunbartonshire (UK Parliament constituency)	west dunbartonshire
wikipedia	West Ham (UK Parliament constituency)	west ham
wikipedia	West Lancashire (UK Parliament constituency)	west lancashire
wikipedia	West Suffolk (UK Parliament constituency)	west suffolk
wikipedia	West Tyrone (UK Parliament constituency)	west tyrone
wikipedia	West Worcestershire (UK Parliament constituency)	west worcestershire
wikipedia	Westminster North (UK Parliament constituency)	westminster north
wikipedia	Westmorland and Lonsdale (UK Parliament constituency)	westmorland and lonsdale
wikipedia	Weston-super-Mare (UK Parliament constituency)	weston-super-mare
wikipedia	Wigan (UK Parliament constituency)	wigan
wikipedia	Wimbledon (UK Parliament constituency)	wimbledon
wikipedia	Winchester (UK Parliament constituency)	winchester
wikipedia	Windsor (UK Parliament constituency)	windsor
wikipedia	Wirral South (UK Parliament constituency)	wirral south
wikipedia	Wirral West (UK Parliament constituency)	wirral west
wikipedia	Witham (UK Parliament constituency)	witham
wikipedia	Witney (UK Parliament constituency)	witney
wikipedia	Woking (UK Parliament constituency)	woking
wikipedia	Wokingham (UK Parliament constituency)	wokingham
wikipedia	Wolverhampton North East (UK Parliament constituency)	wolverhampton north east
wikipedia	Wolverhampton South East (UK Parliament constituency)	wolverhampton south east
wikipedia	Wolverhampton South West (UK Parliament constituency)	wolverhampton south west
wikipedia	Worcester (UK Parliament constituency)	worcester
wikipedia	Workington (UK Parliament constituency)	workington
wikipedia	Worsley and Eccles South (UK Parliament constituency)	worsley and eccles south
wikipedia	Worthing West (UK Parliament constituency)	worthing west
wikipedia	Wrexham (UK Parliament constituency)	wrexham
wikipedia	Wycombe (UK Parliament constituency)	wycombe
wikipedia	Wyre Forest (UK Parliament constituency)	wyre forest
wikipedia	Wyre and Preston North (UK Parliament constituency)	wyre and preston north
wikipedia	Wythenshawe and Sale East (UK Parliament constituency)	wythenshawe and sale east
wikipedia	Yeovil (UK Parliament constituency)	yeovil
wikipedia	Ynys Môn (UK Parliament constituency)	ynys môn
wikipedia	York Central (UK Parliament constituency)	york central
wikipedia	York Outer (UK Parliament constituency)	york outer
ynmp	14398:Aberdeen North	aberdeen north
ynmp	14399:Aberdeen South	aberdeen south
ynmp	14400:Airdrie and Shotts	airdrie and shotts
ynmp	14401:Angus	angus
ynmp	14402:Argyll and Bute	argyll and bute
ynmp	14403:Ayr, Carrick and Cumnock	ayr, carrick and cumnock
ynmp	14404:Banff and Buchan	banff and buchan
ynmp	14405:Berwickshire, Roxburgh and Selkirk	berwickshire, roxburgh and selkirk
ynmp	14406:Caithness, Sutherland and Easter Ross	caithness, sutherland and easter ross
ynmp	14407:Central Ayrshire	central ayrshire
ynmp	14408:Coatbridge, Chryston and Bellshill	coatbridge, chryston and bellshill
ynmp	14409:Cumbernauld, Kilsyth and Kirkintilloch East	cumbernauld, kilsyth and kirkintilloch east
ynmp	14410:Dumfries and Galloway	dumfries and galloway
ynmp	14411:Dumfriesshire, Clydesdale and Tweeddale	dumfriesshire, clydesdale and tweeddale
ynmp	14412:Dundee East	dundee east
ynmp	14413:Dundee West	dundee west
ynmp	14414:Dunfermline and West Fife	dunfermline and west fife
ynmp	14415:East Dunbartonshire	east dunbartonshire
ynmp	14416:East Kilbride, Strathaven and Lesmahagow	east kilbride, strathaven and lesmahagow
ynmp	14417:East Lothian	east lothian
ynmp	14418:East Renfrewshire	east renfrewshire
ynmp	14419:Edinburgh East	edinburgh east
ynmp	14420:Edinburgh North and Leith	edinburgh north and leith
ynmp	14421:Edinburgh South	edinburgh south
ynmp	14422:Edinburgh South West	edinburgh south west
ynmp	14423:Edinburgh West	edinburgh west
ynmp	14424:Falkirk	falkirk
ynmp	14425:Glasgow Central	glasgow central
ynmp	14426:Glasgow East	glasgow east
ynmp	14427:Glasgow North	glasgow north
ynmp	14428:Glasgow North East	glasgow north east
ynmp	14429:Glasgow North West	glasgow north west
ynmp	14430:Glasgow South	glasgow south
ynmp	14431:Glasgow South West	glasgow south west
ynmp	14432:Glenrothes	glenrothes
ynmp	14433:Gordon	gordon
ynmp	14434:Inverclyde	inverclyde
ynmp	14435:Inverness, Nairn, Badenoch and Strathspey	inverness, nairn, badenoch and strathspey
ynmp	14436:Kilmarnock and Loudoun	kilmarnock and loudoun
ynmp	14437:Kirkcaldy and Cowdenbeath	kirkcaldy and cowdenbeath
ynmp	14438:Lanark and Hamilton East	lanark and hamilton east
ynmp	14439:Linlithgow and East Falkirk	linlithgow and east falkirk
ynmp	14440:Livingston	livingston
ynmp	14441:Midlothian	midlothian
ynmp	14442:Moray	moray
ynmp	14443:Motherwell and Wishaw	motherwell and wishaw
ynmp	14444:Na h-Eileanan an Iar	na h-eileanan an iar
ynmp	14445:North Ayrshire and Arran	north ayrshire and arran
ynmp	14446:North East Fife	north east fife
ynmp	14447:Ochil and South Perthshire	ochil and south perthshire
ynmp	14448:Orkney and Shetland	orkney and shetland
ynmp	14449:Paisley and Renfrewshire North	paisley and renfrewshire north
ynmp	14450:Paisley and Renfrewshire South	paisley and renfrewshire south
ynmp	14451:Perth and North Perthshire	perth and north perthshire
ynmp	14452:Ross, Skye and Lochaber	ross, skye and lochaber
ynmp	14453:Rutherglen and Hamilton West	rutherglen and hamilton west
ynmp	14454:Stirling	stirling
ynmp	14455:West Aberdeenshire and Kincardine	west aberdeenshire and kincardine
ynmp	14456:West Dunbartonshire	west dunbartonshire
ynmp	65549:Sheffield, Heeley	sheffield, heeley
ynmp	65550:Hackney North and Stoke Newington	hackney north and stoke newington
ynmp	65551:Gedling	gedling
ynmp	65552:Windsor	windsor
ynmp	65553:Don Valley	don valley
ynmp	65554:Tooting	tooting
ynmp	65555:Dover	dover
ynmp	65556:New Forest East	new forest east
ynmp	65557:Hazel Grove	hazel grove
ynmp	65558:Chichester	chichester
ynmp	65559:Nottingham East	nottingham east
ynmp	65560:Wells	wells
ynmp	65561:Bedford	bedford
ynmp	65562:Worthing West	worthing west
ynmp	65563:Shrewsbury and Atcham	shrewsbury and atcham
ynmp	65564:Oxford West and Abingdon	oxford west and abingdon
ynmp	65565:North West Cambridgeshire	north west cambridgeshire
ynmp	65566:Portsmouth North	portsmouth north
ynmp	65567:Enfield, Southgate	enfield, southgate
ynmp	65568:Lancaster and Fleetwood	lancaster and fleetwood
ynmp	65569:East Hampshire	east hampshire
ynmp	65570:Edmonton	edmonton
ynmp	65571:Stevenage	stevenage
ynmp	65572:Crewe and Nantwich	crewe and nantwich
ynmp	65573:East Ham	east ham
ynmp	65574:Bristol West	bristol west
ynmp	65575:Coventry North West	coventry north west
ynmp	65576:Hampstead and Kilburn	hampstead and kilburn
ynmp	65577:Worcester	worcester
ynmp	65578:Harrogate and Knaresborough	harrogate and knaresborough
ynmp	65579:Ribble Valley	ribble valley
ynmp	65580:Southampton, Test	southampton, test
ynmp	65581:Birkenhead	birkenhead
ynmp	65582:Hereford and South Herefordshire	hereford and south herefordshire
ynmp	65583:Blackley and Broughton	blackley and broughton
ynmp	65584:Rochford and Southend East	rochford and southend east
ynmp	65585:Ilford South	ilford south
ynmp	65586:Sunderland Central	sunderland central
ynmp	65587:Leicester West	leicester west
ynmp	65588:Wentworth and Dearne	wentworth and dearne
ynmp	65589:Runnymede and Weybridge	runnymede and weybridge
ynmp	65590:Corby	corby
ynmp	65591:St Austell and Newquay	st austell and newquay
ynmp	65592:Huntingdon	huntingdon
ynmp	65593:Wolverhampton South East	wolverhampton south east
ynmp	65594:Newcastle upon Tyne East	newcastle upon tyne east
ynmp	65595:Brent North	brent north
ynmp	65596:South West Hertfordshire	south west hertfordshire
ynmp	65597:Birmingham, Hall Green	birmingham, hall green
ynmp	65598:Richmond Park	richmond park
ynmp	65599:Halifax	halifax
ynmp	65600:Great Grimsby	great grimsby
ynmp	65601:Sheffield, Brightside and Hillsborough	sheffield, brightside and hillsborough
ynmp	65602:North Cornwall	north cornwall
ynmp	65603:Croydon Central	croydon central
ynmp	65604:Leicester South	leicester south
ynmp	65605:North Thanet	north thanet
ynmp	65606:Stockport	stockport
ynmp	65607:Suffolk Coastal	suffolk coastal
ynmp	65608:Warwick and Leamington	warwick and leamington
ynmp	65609:Stourbridge	stourbridge
ynmp	65610:Sittingbourne and Sheppey	sittingbourne and sheppey
ynmp	65611:Bexleyheath and Crayford	bexleyheath and crayford
ynmp	65612:Wigan	wigan
ynmp	65613:Uxbridge and South Ruislip	uxbridge and south ruislip
ynmp	65614:South Suffolk	south suffolk
ynmp	65615:Charnwood	charnwood
ynmp	65616:Lewisham West and Penge	lewisham west and penge
ynmp	65617:Bromsgrove	bromsgrove
ynmp	65618:Kingston upon Hull North	kingston upon hull north
ynmp	65619:North East Somerset	north east somerset
ynmp	65620:Bridgwater and West Somerset	bridgwater and west somerset
ynmp	65621:Doncaster Central	doncaster central
ynmp	65622:Witney	witney
ynmp	65623:Basingstoke	basingstoke
ynmp	65624:Huddersfield	huddersfield
ynmp	65625:Workington	workington
ynmp	65626:Watford	watford
ynmp	65627:Great Yarmouth	great yarmouth
ynmp	65628:Bolsover	bolsover
ynmp	65629:West Suffolk	west suffolk
ynmp	65630:Ilford North	ilford north
ynmp	65631:Wansbeck	wansbeck
ynmp	65632:Sherwood	sherwood
ynmp	65633:Morecambe and Lunesdale	morecambe and lunesdale
ynmp	65634:Norwich South	norwich south
ynmp	65635:Wallasey	wallasey
ynmp	65636:Coventry North East	coventry north east
ynmp	65637:Pudsey	pudsey
ynmp	65638:Wantage	wantage
ynmp	65639:Broxbourne	broxbourne
ynmp	65640:Hastings and Rye	hastings and rye
ynmp	65641:Stockton North	stockton north
ynmp	65642:North Herefordshire	north herefordshire
ynmp	65643:Nottingham North	nottingham north
ynmp	65644:Liverpool, Wavertree	liverpool, wavertree
ynmp	65645:Makerfield	makerfield
ynmp	65646:Bolton North East	bolton north east
ynmp	65647:Mansfield	mansfield
ynmp	65648:Stratford-on-Avon	stratford-on-avon
ynmp	65649:Peterborough	peterborough
ynmp	65650:Harrow East	harrow east
ynmp	65651:Walthamstow	walthamstow
ynmp	65652:South West Norfolk	south west norfolk
ynmp	65653:Old Bexley and Sidcup	old bexley and sidcup
ynmp	65654:Saffron Walden	saffron walden
ynmp	65655:Feltham and Heston	feltham and heston
ynmp	65656:Rugby	rugby
ynmp	65657:Middlesbrough South and East Cleveland	middlesbrough south and east cleveland
ynmp	65658:North Devon	north devon
ynmp	65659:Truro and Falmouth	truro and falmouth
ynmp	65660:Tunbridge Wells	tunbridge wells
ynmp	65661:Maldon	maldon
ynmp	65662:Barking	barking
ynmp	65663:Nuneaton	nuneaton
ynmp	65664:Newcastle upon Tyne North	newcastle upon tyne north
ynmp	65665:Barnsley Central	barnsley central
ynmp	65666:South Norfolk	south norfolk
ynmp	65667:Birmingham, Erdington	birmingham, erdington
ynmp	65668:Pendle	pendle
ynmp	65669:Wythenshawe and Sale East	wythenshawe and sale east
ynmp	65670:Braintree	braintree
ynmp	65671:Haltemprice and Howden	haltemprice and howden
ynmp	65672:Doncaster North	doncaster north
ynmp	65673:Preston	preston
ynmp	65674:Harwich and North Essex	harwich and north essex
ynmp	65675:Harborough	harborough
ynmp	65676:North East Derbyshire	north east derbyshire
ynmp	65677:Elmet and Rothwell	elmet and rothwell
ynmp	65678:South West Surrey	south west surrey
ynmp	65679:Blackpool South	blackpool south
ynmp	65680:Slough	slough
ynmp	65681:Ruislip, Northwood and Pinner	ruislip, northwood and pinner
ynmp	65682:Orpington	orpington
ynmp	65683:Grantham and Stamford	grantham and stamford
ynmp	65684:South East Cornwall	south east cornwall
ynmp	65685:Brentwood and Ongar	brentwood and ongar
ynmp	65686:Thirsk and Malton	thirsk and malton
ynmp	65687:Beaconsfield	beaconsfield
ynmp	65688:Salford and Eccles	salford and eccles
ynmp	65689:Bermondsey and Old Southwark	bermondsey and old southwark
ynmp	65690:Ludlow	ludlow
ynmp	65691:Hove	hove
ynmp	65692:Torbay	torbay
ynmp	65693:Mole Valley	mole valley
ynmp	65694:Bradford East	bradford east
ynmp	65695:Wyre and Preston North	wyre and preston north
ynmp	65696:Newark	newark
ynmp	65697:Bracknell	bracknell
ynmp	65698:Sevenoaks	sevenoaks
ynmp	65699:Havant	havant
ynmp	65700:Redditch	redditch
ynmp	65701:Ealing North	ealing north
ynmp	65702:North Dorset	north dorset
ynmp	65703:Sutton Coldfield	sutton coldfield
ynmp	65704:Lincoln	lincoln
ynmp	65705:Lewisham East	lewisham east
ynmp	65706:Sefton Central	sefton central
ynmp	65707:Birmingham, Yardley	birmingham, yardley
ynmp	65708:Burton	burton
ynmp	65709:Kingston upon Hull East	kingston upon hull east
ynmp	65710:Stoke-on-Trent Central	stoke-on-trent central
ynmp	65711:Bassetlaw	bassetlaw
ynmp	65712:Bolton South East	bolton south east
ynmp	65713:North West Norfolk	north west norfolk
ynmp	65714:Eastbourne	eastbourne
ynmp	65715:St Albans	st albans
ynmp	65716:West Dorset	west dorset
ynmp	65717:Horsham	horsham
ynmp	65718:Mid Bedfordshire	mid bedfordshire
ynmp	65719:South Shields	south shields
ynmp	65720:North Tyneside	north tyneside
ynmp	65721:Chingford and Woodford Green	chingford and woodford green
ynmp	65722:Richmond (Yorks)	richmond (yorks)
ynmp	65723:Devizes	devizes
ynmp	65724:Hitchin and Harpenden	hitchin and harpenden
ynmp	65725:Beckenham	beckenham
ynmp	65726:Berwick-upon-Tweed	berwick-upon-tweed
ynmp	65727:Cheadle	cheadle
ynmp	65728:Southport	southport
ynmp	65729:North East Hampshire	north east hampshire
ynmp	65730:Aldershot	aldershot
ynmp	65731:Battersea	battersea
ynmp	65732:St Helens South and Whiston	st helens south and whiston
ynmp	65733:Wakefield	wakefield
ynmp	65734:City of Chester	city of chester
ynmp	65735:Morley and Outwood	morley and outwood
ynmp	65736:Rushcliffe	rushcliffe
ynmp	65737:Plymouth, Sutton and Devonport	plymouth, sutton and devonport
ynmp	65738:Bolton West	bolton west
ynmp	65739:Aylesbury	aylesbury
ynmp	65740:Welwyn Hatfield	welwyn hatfield
ynmp	65741:Sheffield, Hallam	sheffield, hallam
ynmp	65742:Weston-Super-Mare	weston-super-mare
ynmp	65743:Erewash	erewash
ynmp	65744:Tonbridge and Malling	tonbridge and malling
ynmp	65745:North Durham	north durham
ynmp	65746:Dewsbury	dewsbury
ynmp	65747:Surrey Heath	surrey heath
ynmp	65748:Central Suffolk and North Ipswich	central suffolk and north ipswich
ynmp	65749:Central Devon	central devon
ynmp	65750:Blackpool North and Cleveleys	blackpool north and cleveleys
ynmp	65751:Batley and Spen	batley and spen
ynmp	65752:Hackney South and Shoreditch	hackney south and shoreditch
ynmp	65753:Blyth Valley	blyth valley
ynmp	65754:Hendon	hendon
ynmp	65755:Ealing Central and Acton	ealing central and acton
ynmp	65756:Eddisbury	eddisbury
ynmp	65757:Worsley and Eccles South	worsley and eccles south
ynmp	65758:West Worcestershire	west worcestershire
ynmp	65759:Cities of London and Westminster	cities of london and westminster
ynmp	65760:North Swindon	north swindon
ynmp	65761:Tiverton and Honiton	tiverton and honiton
ynmp	65762:South Derbyshire	south derbyshire
ynmp	65763:Sedgefield	sedgefield
ynmp	65764:Faversham and Mid Kent	faversham and mid kent
ynmp	65765:Leeds Central	leeds central
ynmp	65766:Liverpool, West Derby	liverpool, west derby
ynmp	65767:Taunton Deane	taunton deane
ynmp	65768:Norwich North	norwich north
ynmp	65769:Weaver Vale	weaver vale
ynmp	65770:Stoke-on-Trent South	stoke-on-trent south
ynmp	65771:Congleton	congleton
ynmp	65772:Meon Valley	meon valley
ynmp	65773:Aldridge-Brownhills	aldridge-brownhills
ynmp	65774:Wokingham	wokingham
ynmp	65775:South West Devon	south west devon
ynmp	65776:North West Leicestershire	north west leicestershire
ynmp	65777:Wolverhampton North East	wolverhampton north east
ynmp	65778:Kingston and Surbiton	kingston and surbiton
ynmp	65779:Folkestone and Hythe	folkestone and hythe
ynmp	65780:East Worthing and Shoreham	east worthing and shoreham
ynmp	65781:Crawley	crawley
ynmp	65782:Twickenham	twickenham
ynmp	65783:Stoke-on-Trent North	stoke-on-trent north
ynmp	65784:Arundel and South Downs	arundel and south downs
ynmp	65785:Loughborough	loughborough
ynmp	65786:Henley	henley
ynmp	65787:Brighton, Pavilion	brighton, pavilion
ynmp	65788:South Dorset	south dorset
ynmp	65789:The Cotswolds	the cotswolds
ynmp	65790:Cannock Chase	cannock chase
ynmp	65791:Isle of Wight	isle of wight
ynmp	65792:Chorley	chorley
ynmp	65793:Sheffield South East	sheffield south east
ynmp	65794:Ealing, Southall	ealing, southall
ynmp	65795:Rayleigh and Wickford	rayleigh and wickford
ynmp	65796:Harrow West	harrow west
ynmp	65797:Chelmsford	chelmsford
ynmp	65798:Bath	bath
ynmp	65799:Derbyshire Dales	derbyshire dales
ynmp	65800:South Swindon	south swindon
ynmp	65801:Chesham and Amersham	chesham and amersham
ynmp	65802:Darlington	darlington
ynmp	65803:Epsom and Ewell	epsom and ewell
ynmp	65804:Birmingham, Selly Oak	birmingham, selly oak
ynmp	65805:Blaydon	blaydon
ynmp	65806:Dudley North	dudley north
ynmp	65807:Leicester East	leicester east
ynmp	65808:Dulwich and West Norwood	dulwich and west norwood
ynmp	65809:Amber Valley	amber valley
ynmp	65810:Totnes	totnes
ynmp	65811:Ashford	ashford
ynmp	65812:Somerton and Frome	somerton and frome
ynmp	65813:East Devon	east devon
ynmp	65814:Heywood and Middleton	heywood and middleton
ynmp	65815:New Forest West	new forest west
ynmp	65816:Eltham	eltham
ynmp	65817:North Somerset	north somerset
ynmp	65818:Chelsea and Fulham	chelsea and fulham
ynmp	65819:Manchester, Withington	manchester, withington
ynmp	65820:Bishop Auckland	bishop auckland
ynmp	65821:Bootle	bootle
ynmp	65822:North Wiltshire	north wiltshire
ynmp	65823:Easington	easington
ynmp	65824:Holborn and St Pancras	holborn and st pancras
ynmp	65825:Vauxhall	vauxhall
ynmp	65826:Camborne and Redruth	camborne and redruth
ynmp	65827:Wimbledon	wimbledon
ynmp	65828:Newton Abbot	newton abbot
ynmp	65829:South Thanet	south thanet
ynmp	65830:Wellingborough	wellingborough
ynmp	65831:Witham	witham
ynmp	65832:Walsall South	walsall south
ynmp	65833:Rutland and Melton	rutland and melton
ynmp	65834:Manchester, Gorton	manchester, gorton
ynmp	65835:Colne Valley	colne valley
ynmp	65836:Hammersmith	hammersmith
ynmp	65837:Greenwich and Woolwich	greenwich and woolwich
ynmp	65838:Guildford	guildford
ynmp	65839:Bristol East	bristol east
ynmp	65840:North East Hertfordshire	north east hertfordshire
ynmp	65841:Bognor Regis and Littlehampton	bognor regis and littlehampton
ynmp	65842:Selby and Ainsty	selby and ainsty
ynmp	65843:Rochdale	rochdale
ynmp	65844:Brighton, Kemptown	brighton, kemptown
ynmp	65845:Bexhill and Battle	bexhill and battle
ynmp	65846:Burnley	burnley
ynmp	65847:Wirral South	wirral south
ynmp	65848:South West Bedfordshire	south west bedfordshire
ynmp	65849:Broxtowe	broxtowe
ynmp	65850:Hexham	hexham
ynmp	65851:Westminster North	westminster north
ynmp	65852:Broadland	broadland
ynmp	65853:Bethnal Green and Bow	bethnal green and bow
ynmp	65854:St Ives	st ives
ynmp	65855:North East Bedfordshire	north east bedfordshire
ynmp	65856:East Surrey	east surrey
ynmp	65857:Fareham	fareham
ynmp	65858:Stroud	stroud
ynmp	65859:North West Durham	north west durham
ynmp	65860:Poole	poole
ynmp	65861:Newcastle-under-Lyme	newcastle-under-lyme
ynmp	65862:Newbury	newbury
ynmp	65863:Derby South	derby south
ynmp	65864:Gillingham and Rainham	gillingham and rainham
ynmp	65865:Filton and Bradley Stoke	filton and bradley stoke
ynmp	65866:Leeds North East	leeds north east
ynmp	65867:Croydon North	croydon north
ynmp	65868:Tynemouth	tynemouth
ynmp	65869:Knowsley	knowsley
ynmp	65870:Gateshead	gateshead
ynmp	65871:Keighley	keighley
ynmp	65872:North Norfolk	north norfolk
ynmp	65873:West Lancashire	west lancashire
ynmp	65874:Warrington North	warrington north
ynmp	65875:Harlow	harlow
ynmp	65876:Southend West	southend west
ynmp	65877:Coventry South	coventry south
ynmp	65878:Canterbury	canterbury
ynmp	65879:Solihull	solihull
ynmp	65880:Tamworth	tamworth
ynmp	65881:Eastleigh	eastleigh
ynmp	65882:Islington South and Finsbury	islington south and finsbury
ynmp	65883:Hornsey and Wood Green	hornsey and wood green
ynmp	65884:Romsey and Southampton North	romsey and southampton north
ynmp	65885:Christchurch	christchurch
ynmp	65886:Chipping Barnet	chipping barnet
ynmp	65887:Luton North	luton north
ynmp	65888:Mid Worcestershire	mid worcestershire
ynmp	65889:Salisbury	salisbury
ynmp	65890:Walsall North	walsall north
ynmp	65891:Scarborough and Whitby	scarborough and whitby
ynmp	65892:Altrincham and Sale West	altrincham and sale west
ynmp	65893:Copeland	copeland
ynmp	65894:North West Hampshire	north west hampshire
ynmp	65895:Ashfield	ashfield
ynmp	65896:Macclesfield	macclesfield
ynmp	65897:Wirral West	wirral west
ynmp	65898:Basildon and Billericay	basildon and billericay
ynmp	65899:Hyndburn	hyndburn
ynmp	65900:Garston and Halewood	garston and halewood
ynmp	65901:Maidenhead	maidenhead
ynmp	65902:South Northamptonshire	south northamptonshire
ynmp	65903:Oldham East and Saddleworth	oldham east and saddleworth
ynmp	65904:Torridge and West Devon	torridge and west devon
ynmp	65905:Thornbury and Yate	thornbury and yate
ynmp	65906:Calder Valley	calder valley
ynmp	65907:Staffordshire Moorlands	staffordshire moorlands
ynmp	65908:Stockton South	stockton south
ynmp	65909:Buckingham	buckingham
ynmp	65910:Northampton South	northampton south
ynmp	65911:Stretford and Urmston	stretford and urmston
ynmp	65912:Hayes and Harlington	hayes and harlington
ynmp	65913:Camberwell and Peckham	camberwell and peckham
ynmp	65914:Castle Point	castle point
ynmp	65915:Halton	halton
ynmp	65916:Warrington South	warrington south
ynmp	65917:Poplar and Limehouse	poplar and limehouse
ynmp	65918:Normanton, Pontefract and Castleford	normanton, pontefract and castleford
ynmp	65919:Thurrock	thurrock
ynmp	65920:Sleaford and North Hykeham	sleaford and north hykeham
ynmp	65921:Winchester	winchester
ynmp	65922:South Cambridgeshire	south cambridgeshire
ynmp	65923:Croydon South	croydon south
ynmp	65924:Denton and Reddish	denton and reddish
ynmp	65925:Ipswich	ipswich
ynmp	65926:Colchester	colchester
ynmp	65927:Cambridge	cambridge
ynmp	65928:Gosport	gosport
ynmp	65929:Carlisle	carlisle
ynmp	65930:Rother Valley	rother valley
ynmp	65931:Birmingham, Edgbaston	birmingham, edgbaston
ynmp	65932:Meriden	meriden
ynmp	65933:Bournemouth West	bournemouth west
ynmp	65934:Beverley and Holderness	beverley and holderness
ynmp	65935:Yeovil	yeovil
ynmp	65936:Maidstone and The Weald	maidstone and the weald
ynmp	65937:Islington North	islington north
ynmp	65938:Finchley and Golders Green	finchley and golders green
ynmp	65939:Kensington	kensington
ynmp	65940:Chippenham	chippenham
ynmp	65941:Leeds East	leeds east
ynmp	65942:Spelthorne	spelthorne
ynmp	65943:South Staffordshire	south staffordshire
ynmp	65944:Gravesham	gravesham
ynmp	65945:Nottingham South	nottingham south
ynmp	65946:Cheltenham	cheltenham
ynmp	65947:Houghton and Sunderland South	houghton and sunderland south
ynmp	65948:Wolverhampton South West	wolverhampton south west
ynmp	65949:Mid Norfolk	mid norfolk
ynmp	65950:Stone	stone
ynmp	65951:South Ribble	south ribble
ynmp	65952:Gainsborough	gainsborough
ynmp	65953:Milton Keynes North	milton keynes north
ynmp	65954:Bromley and Chislehurst	bromley and chislehurst
ynmp	65955:Fylde	fylde
ynmp	65956:South West Wiltshire	south west wiltshire
ynmp	65957:Sheffield Central	sheffield central
ynmp	65958:Brentford and Isleworth	brentford and isleworth
ynmp	65959:Shipley	shipley
ynmp	65960:Stalybridge and Hyde	stalybridge and hyde
ynmp	65961:Wealden	wealden
ynmp	65962:South Basildon and East Thurrock	south basildon and east thurrock
ynmp	65963:Westmorland and Lonsdale	westmorland and lonsdale
ynmp	65964:Tatton	tatton
ynmp	65965:York Central	york central
ynmp	65966:Birmingham, Northfield	birmingham, northfield
ynmp	65967:Hemel Hempstead	hemel hempstead
ynmp	65968:Kenilworth and Southam	kenilworth and southam
ynmp	65969:Boston and Skegness	boston and skegness
ynmp	65970:Liverpool, Walton	liverpool, walton
ynmp	65971:Halesowen and Rowley Regis	halesowen and rowley regis
ynmp	65972:Carshalton and Wallington	carshalton and wallington
ynmp	65973:Reading East	reading east
ynmp	65974:Plymouth, Moor View	plymouth, moor view
ynmp	65975:Bury South	bury south
ynmp	65976:Tewkesbury	tewkesbury
ynmp	65977:The Wrekin	the wrekin
ynmp	65978:Leigh	leigh
ynmp	65979:East Yorkshire	east yorkshire
ynmp	65980:Chesterfield	chesterfield
ynmp	65981:Blackburn	blackburn
ynmp	65982:Reading West	reading west
ynmp	65983:West Bromwich East	west bromwich east
ynmp	65984:Kingston upon Hull West and Hessle	kingston upon hull west and hessle
ynmp	65985:Dagenham and Rainham	dagenham and rainham
ynmp	65986:Skipton and Ripon	skipton and ripon
ynmp	65987:Louth and Horncastle	louth and horncastle
ynmp	65988:Leeds West	leeds west
ynmp	65989:Birmingham, Ladywood	birmingham, ladywood
ynmp	65990:Hartlepool	hartlepool
ynmp	65991:Ellesmere Port and Neston	ellesmere port and neston
ynmp	65992:Telford	telford
ynmp	65993:Bournemouth East	bournemouth east
ynmp	65994:Hertsmere	hertsmere
ynmp	65995:Bradford South	bradford south
ynmp	65996:Gloucester	gloucester
ynmp	65997:South East Cambridgeshire	south east cambridgeshire
ynmp	65998:Middlesbrough	middlesbrough
ynmp	65999:Mid Sussex	mid sussex
ynmp	66000:Brigg and Goole	brigg and goole
ynmp	66001:Kettering	kettering
ynmp	66002:Penistone and Stocksbridge	penistone and stocksbridge
ynmp	66003:Hertford and Stortford	hertford and stortford
ynmp	66004:Waveney	waveney
ynmp	66005:Reigate	reigate
ynmp	66006:Barrow and Furness	barrow and furness
ynmp	66007:Mid Derbyshire	mid derbyshire
ynmp	66008:Banbury	banbury
ynmp	66009:Bristol North West	bristol north west
ynmp	66010:Wycombe	wycombe
ynmp	66011:Dartford	dartford
ynmp	66012:Barnsley East	barnsley east
ynmp	66013:Leyton and Wanstead	leyton and wanstead
ynmp	66014:Portsmouth South	portsmouth south
ynmp	66015:Bury North	bury north
ynmp	66016:Southampton, Itchen	southampton, itchen
ynmp	66017:North Shropshire	north shropshire
ynmp	66018:Hemsworth	hemsworth
ynmp	66019:Rossendale and Darwen	rossendale and darwen
ynmp	66020:Lewes	lewes
ynmp	66021:City of Durham	city of durham
ynmp	66022:Oldham West and Royton	oldham west and royton
ynmp	66023:Erith and Thamesmead	erith and thamesmead
ynmp	66024:North Warwickshire	north warwickshire
ynmp	66025:Daventry	daventry
ynmp	66026:Jarrow	jarrow
ynmp	66027:Scunthorpe	scunthorpe
ynmp	66028:Birmingham, Perry Barr	birmingham, perry barr
ynmp	66029:Rotherham	rotherham
ynmp	66030:Clacton	clacton
ynmp	66031:Bristol South	bristol south
ynmp	66032:Redcar	redcar
ynmp	66033:Exeter	exeter
ynmp	66034:South Leicestershire	south leicestershire
ynmp	66035:Bury St Edmunds	bury st edmunds
ynmp	66036:Bradford West	bradford west
ynmp	66037:York Outer	york outer
ynmp	66038:Mitcham and Morden	mitcham and morden
ynmp	66039:Woking	woking
ynmp	66040:Sutton and Cheam	sutton and cheam
ynmp	66041:Lewisham, Deptford	lewisham, deptford
ynmp	66042:Streatham	streatham
ynmp	66043:Rochester and Strood	rochester and strood
ynmp	66044:Epping Forest	epping forest
ynmp	66045:Putney	putney
ynmp	66046:Lichfield	lichfield
ynmp	66047:West Bromwich West	west bromwich west
ynmp	66048:Manchester Central	manchester central
ynmp	66049:Washington and Sunderland West	washington and sunderland west
ynmp	66050:Enfield North	enfield north
ynmp	66051:South Holland and The Deepings	south holland and the deepings
ynmp	66052:High Peak	high peak
ynmp	66053:Kingswood	kingswood
ynmp	66054:Dudley South	dudley south
ynmp	66055:Newcastle upon Tyne Central	newcastle upon tyne central
ynmp	66056:Ashton-under-Lyne	ashton-under-lyne
ynmp	66057:Cleethorpes	cleethorpes
ynmp	66058:West Ham	west ham
ynmp	66059:Northampton North	northampton north
ynmp	66060:Oxford East	oxford east
ynmp	66061:Mid Dorset and North Poole	mid dorset and north poole
ynmp	66062:Esher and Walton	esher and walton
ynmp	66063:North East Cambridgeshire	north east cambridgeshire
ynmp	66064:Forest of Dean	forest of dean
ynmp	66065:Brent Central	brent central
ynmp	66066:Liverpool, Riverside	liverpool, riverside
ynmp	66067:Stafford	stafford
ynmp	66068:Leeds North West	leeds north west
ynmp	66069:Hornchurch and Upminster	hornchurch and upminster
ynmp	66070:Derby North	derby north
ynmp	66071:Bosworth	bosworth
ynmp	66072:Birmingham, Hodge Hill	birmingham, hodge hill
ynmp	66073:St Helens North	st helens north
ynmp	66074:Tottenham	tottenham
ynmp	66075:Chatham and Aylesford	chatham and aylesford
ynmp	66076:Milton Keynes South	milton keynes south
ynmp	66077:Romford	romford
ynmp	66078:Wyre Forest	wyre forest
ynmp	66079:Warley	warley
ynmp	66080:Luton South	luton south
ynmp	66081:Penrith and The Border	penrith and the border
ynmp	66082:Neath	neath
ynmp	66083:Gower	gower
ynmp	66084:Monmouth	monmouth
ynmp	66085:Aberconwy	aberconwy
ynmp	66086:Merthyr Tydfil and Rhymney	merthyr tydfil and rhymney
ynmp	66087:Pontypridd	pontypridd
ynmp	66088:Brecon and Radnorshire	brecon and radnorshire
ynmp	66089:Carmarthen East and Dinefwr	carmarthen east and dinefwr
ynmp	66090:Cardiff Central	cardiff central
ynmp	66091:Swansea East	swansea east
ynmp	66092:Rhondda	rhondda
ynmp	66093:Blaenau Gwent	blaenau gwent
ynmp	66094:Newport East	newport east
ynmp	66095:Bridgend	bridgend
ynmp	66096:Dwyfor Meirionnydd	dwyfor meirionnydd
ynmp	66097:Islwyn	islwyn
ynmp	66098:Vale of Glamorgan	vale of glamorgan
ynmp	66099:Newport West	newport west
ynmp	66100:Clwyd West	clwyd west
ynmp	66101:Aberavon	aberavon
ynmp	66102:Preseli Pembrokeshire	preseli pembrokeshire
ynmp	66103:Alyn and Deeside	alyn and deeside
ynmp	66104:Torfaen	torfaen
ynmp	66105:Cynon Valley	cynon valley
ynmp	66106:Caerphilly	caerphilly
ynmp	66107:Ogmore	ogmore
ynmp	66108:Arfon	arfon
ynmp	66109:Carmarthen West and South Pembrokeshire	carmarthen west and south pembrokeshire
ynmp	66110:Ceredigion	ceredigion
ynmp	66111:Montgomeryshire	montgomeryshire
ynmp	66112:Delyn	delyn
ynmp	66113:Wrexham	wrexham
ynmp	66114:Cardiff West	cardiff west
ynmp	66115:Ynys Môn	ynys môn
ynmp	66116:Vale of Clwyd	vale of clwyd
ynmp	66117:Llanelli	llanelli
ynmp	66118:Swansea West	swansea west
ynmp	66119:Cardiff South and Penarth	cardiff south and penarth
ynmp	66120:Cardiff North	cardiff north
ynmp	66121:Clwyd South	clwyd south
ynmp	66124:Belfast East	belfast east
ynmp	66125:Belfast North	belfast north
ynmp	66126:Belfast South	belfast south
ynmp	66127:Belfast West	belfast west
ynmp	66128:East Antrim	east antrim
ynmp	66129:East Londonderry	east londonderry
ynmp	66130:Fermanagh and South Tyrone	fermanagh and south tyrone
ynmp	66131:Foyle	foyle
ynmp	66132:Lagan Valley	lagan valley
ynmp	66133:Mid Ulster	mid ulster
ynmp	66134:Newry and Armagh	newry and armagh
ynmp	66135:North Antrim	north antrim
ynmp	66136:North Down	north down
ynmp	66137:South Antrim	south antrim
ynmp	66138:South Down	south down
ynmp	66139:Strangford	strangford
ynmp	66140:Upper Bann	upper bann
ynmp	66141:West Tyrone	west tyrone
